"","freq","species","edit","prop"
"1",192.307692308,"Squid","AC",0.00212314225053475
"2",576.923076923,"Sepia","AC",0.0036809815950964
"3",192.307692308,"O_vulgaris","AC",0.00141242937853243
"4",192.307692308,"O_bimac","AC",0.00220750551876696
"5",192.307692308,"Nautilus","AC",0.0256410256410359
"6",192.307692308,"Sea hare","AC",0.0238095238095297
"73",9810,"O_Rub_nerve","AC",0.0351316991064874
"85",2943,"O_Rub_gill","AC",0.05288789850124
"7",83076.9230769,"Squid","AG",0.917197452229288
"8",130769.230769,"Sepia","AG",0.83435582822049
"9",118076.923077,"O_vulgaris","AG",0.867231638418091
"10",76923.0769231,"O_bimac","AG",0.883002207505638
"11",1153.84615385,"Nautilus","AG",0.153846153846482
"12",961.538461538,"Sea hare","AG",0.119047619047401
"74",45363,"O_Rub_nerve","AG",0.16245456336061
"86",9978,"O_Rub_gill","AG",0.179312079933868
"13",576.923076923,"Squid","AT",0.0063694267515932
"14",2884.61538462,"Sepia","AT",0.0184049079755139
"15",1923.07692308,"O_vulgaris","AT",0.0141242937853243
"16",576.923076923,"O_bimac","AT",0.00662251655628941
"17",576.923076923,"Nautilus","AT",0.0769230769229744
"18",384.615384615,"Sea hare","AT",0.0476190476189356
"75",20403,"O_Rub_nerve","AT",0.0730674879581714
"87",3632,"O_Rub_gill","AT",0.0652697408618769
"19",576.923076923,"Squid","CA",0.0063694267515932
"20",961.538461538,"Sepia","CA",0.00613496932515854
"21",576.923076923,"O_vulgaris","CA",0.00423728813558995
"22",576.923076923,"O_bimac","CA",0.00662251655628941
"23",192.307692308,"Nautilus","CA",0.0256410256410359
"24",576.923076923,"Sea hare","CA",0.0714285714284653
"76",12540,"O_Rub_nerve","CA",0.0449084104786291
"88",2927,"O_Rub_gill","CA",0.05260036660317
"25",192.307692308,"Squid","CG",0.00212314225053475
"26",192.307692308,"Sepia","CG",0.00122699386503426
"27",192.307692308,"O_vulgaris","CG",0.00141242937853243
"28",192.307692308,"O_bimac","CG",0.00220750551876696
"29",192.307692308,"Nautilus","CG",0.0256410256410359
"30",192.307692308,"Sea hare","CG",0.0238095238095297
"77",5191,"O_Rub_nerve","CG",0.0185900764588966
"89",1658,"O_Rub_gill","CG",0.0297954929374978
"31",1153.84615385,"Squid","CT",0.0127388535032306
"32",6153.84615385,"Sepia","CT",0.0392638036810581
"33",4230.76923077,"O_vulgaris","CT",0.0310734463276694
"34",2115.38461538,"O_bimac","CT",0.0242825607063448
"35",1153.84615385,"Nautilus","CT",0.153846153846482
"36",1923.07692308,"Sea hare","CT",0.238095238095297
"78",46192,"O_Rub_nerve","CT",0.165423388901821
"90",8257,"O_Rub_gill","CT",0.14838443014772
"37",2115.38461538,"Squid","GA",0.0233545647557939
"38",4230.76923077,"Sepia","GA",0.0269938650307154
"39",3269.23076923,"O_vulgaris","GA",0.0240112994350073
"40",2500,"O_bimac","GA",0.0286975717439246
"41",2115.38461538,"Nautilus","GA",0.282051282050328
"42",1923.07692308,"Sea hare","GA",0.238095238095297
"79",35761,"O_Rub_nerve","GA",0.128067756549143
"91",9094,"O_Rub_gill","GA",0.163425942565503
"43",192.307692308,"Squid","GC",0.00212314225053475
"44",1923.07692308,"Sepia","GC",0.0122699386503426
"45",1153.84615385,"O_vulgaris","GC",0.00847457627120928
"46",576.923076923,"O_bimac","GC",0.00662251655628941
"47",192.307692308,"Nautilus","GC",0.0256410256410359
"48",192.307692308,"Sea hare","GC",0.0238095238095297
"80",11859,"O_Rub_nerve","GC",0.0424696044550289
"92",1867,"O_Rub_gill","GC",0.0335513783560364
"49",576.923076923,"Squid","GT",0.0063694267515932
"50",1153.84615385,"Sepia","GT",0.00736196319021832
"51",576.923076923,"O_vulgaris","GT",0.00423728813558995
"52",576.923076923,"O_bimac","GT",0.00662251655628941
"53",192.307692308,"Nautilus","GT",0.0256410256410359
"54",192.307692308,"Sea hare","GT",0.0238095238095297
"81",19611,"O_Rub_nerve","GT",0.0702311672963633
"93",2361,"O_Rub_gill","GT",0.0424289257089458
"55",192.307692308,"Squid","TA",0.00212314225053475
"56",1153.84615385,"Sepia","TA",0.00736196319021832
"57",961.538461538,"O_vulgaris","TA",0.00706214689264747
"58",576.923076923,"O_bimac","TA",0.00662251655628941
"59",192.307692308,"Nautilus","TA",0.0256410256410359
"60",192.307692308,"Sea hare","TA",0.0238095238095297
"82",16591,"O_Rub_nerve","TA",0.0594159041667413
"94",3455,"O_Rub_gill","TA",0.0620889192394781
"61",1538.46153846,"Squid","TC",0.0169851380042338
"62",6153.84615385,"Sepia","TC",0.0392638036810581
"63",4423.07692308,"O_vulgaris","TC",0.0324858757062166
"64",2115.38461538,"O_bimac","TC",0.0242825607063448
"65",1153.84615385,"Nautilus","TC",0.153846153846482
"66",1153.84615385,"Sea hare","TC",0.142857142857426
"83",47971,"O_Rub_nerve","TC",0.171794366752019
"95",7126,"O_Rub_gill","TC",0.1280595191029
"67",192.307692308,"Squid","TG",0.00212314225053475
"68",576.923076923,"Sepia","TG",0.0036809815950964
"69",576.923076923,"O_vulgaris","TG",0.00423728813558995
"70",192.307692308,"O_bimac","TG",0.00220750551876696
"71",192.307692308,"Nautilus","TG",0.0256410256410359
"72",192.307692308,"Sea hare","TG",0.0238095238095297
"84",7943,"O_Rub_nerve","TG",0.0284455745160886
"96",2348,"O_Rub_gill","TG",0.042195306041764
